supply_name,vendor_name,unit_price,quality_rating,avg_delivery_days,actual_price_paid,actual_delivery_days,outcome_score
Syringes,Apex Medical Supplies,700,4,2,673.58,3,[0.60913043 0.61226588]
Syringes,Discount Med,650,3,4,625.06,5,[0.36499176 0.42939059]
N95 Masks,ProGuard PPE,550,4,1,541.61,1,[0.57659669 0.75884353]
Bandages,Global Health Solutions,150,5,3,148.16,3,[0.78836266 0.89770824]
Disposable Gloves,Budget Pharma Solutions,380,3,3,370.32,3,[0.4721362  0.61929882]
Forceps,General Surgical Tools,780,4,2,813.82,2,[0.4719785  0.61276941]
N95 Masks,Everyday Medical Gear,480,3,3,482.86,3,[0.45782629 0.57957882]
N95 Masks,ProGuard PPE,550,4,1,574.59,1,[0.65744037 0.74720353]
IV Drips,Rapid Infusions,280,4,2,273.79,2,[0.64458539 0.80336824]
Forceps,Basic Clinic Disposables,700,3,4,727.26,4,[0.27572784 0.44332   ]
IV Drips,Rapid Infusions,280,4,2,292.73,2,[0.69086324 0.79668353]
Bandages,Essential Medicals,120,4,2,117.99,1,[0.86797007 0.90835647]
Syringes,Apex Medical Supplies,700,4,2,701.5,2,[0.50977733 0.65241176]
Forceps,Precision Instruments Co.,850,5,3,823.23,3,[0.6206761  0.65944824]
N95 Masks,ProGuard PPE,550,4,1,573.7,2,[0.69534698 0.69751765]
N95 Masks,Everyday Medical Gear,480,3,3,502.29,3,[0.44064459 0.57272118]
Forceps,Precision Instruments Co.,850,5,3,885.03,3,[0.6086005  0.63763647]
Syringes,Apex Medical Supplies,700,4,2,703.55,2,[0.48658656 0.65168824]
Syringes,Pristine Healthcare,780,5,3,763.88,2,[0.7275054  0.73039529]
Disposable Gloves,MediCare Direct,450,5,2,439.79,2,[0.66197178 0.84478   ]
N95 Masks,ProGuard PPE,550,4,1,574.93,1,[0.63302725 0.74708353]
N95 Masks,Safety First Supply,600,5,2,578.58,3,[0.70237373 0.74579529]
Bandages,Global Health Solutions,150,5,3,154.65,4,[0.69174371 0.84541765]
Syringes,Pristine Healthcare,780,5,3,785.94,4,[0.49973429 0.62260941]
Forceps,Basic Clinic Disposables,700,3,4,687.14,4,[0.30277821 0.45748   ]
IV Drips,Rapid Infusions,280,4,2,286.19,3,[0.58434513 0.74899176]
Bandages,Clinic Basics,100,3,1,99.87,1,[0.6648966  0.81475176]
N95 Masks,ProGuard PPE,550,4,1,530.63,1,[0.62539917 0.76271882]
Forceps,Precision Instruments Co.,850,5,3,872.18,3,[0.511237   0.64217176]
N95 Masks,Everyday Medical Gear,480,3,3,460.36,3,[0.55724044 0.58752   ]
Disposable Gloves,Budget Pharma Solutions,380,3,3,369.41,3,[0.59681456 0.61962   ]
Syringes,Apex Medical Supplies,700,4,2,690.45,2,[0.5605583  0.65631176]
N95 Masks,ProGuard PPE,550,4,1,546.72,1,[0.73859939 0.75704   ]
N95 Masks,Safety First Supply,600,5,2,576.95,2,[0.77002383 0.79637059]
Disposable Gloves,Budget Pharma Solutions,380,3,3,392.81,2,[0.54502475 0.66136118]
Syringes,Discount Med,650,3,4,617.52,3,[0.4495424  0.53205176]
N95 Masks,Safety First Supply,600,5,2,580.94,1,[0.65886463 0.84496235]
N95 Masks,Everyday Medical Gear,480,3,3,459.3,3,[0.42885583 0.58789412]
Syringes,Discount Med,650,3,4,660.11,4,[0.35117749 0.46702   ]
Syringes,Discount Med,650,3,4,645.96,5,[0.23186468 0.42201412]
Bandages,Essential Medicals,120,4,2,123.06,1,[0.77175339 0.90656706]
Bandages,Essential Medicals,120,4,2,121.21,2,[0.83803928 0.85722   ]
Forceps,Basic Clinic Disposables,700,3,4,709.93,5,[0.21970658 0.39943647]
Disposable Gloves,MediCare Direct,450,5,2,451.16,2,[0.82109101 0.84076706]
N95 Masks,Safety First Supply,600,5,2,573.23,2,[0.61563639 0.79768353]
N95 Masks,Everyday Medical Gear,480,3,3,489.72,2,[0.60427796 0.62715765]
Disposable Gloves,Budget Pharma Solutions,380,3,3,361.32,3,[0.53073967 0.62247529]
Disposable Gloves,QuickSupply Medical,400,4,1,406.36,2,[0.74007247 0.75657882]
Forceps,General Surgical Tools,780,4,2,743.04,1,[0.52420314 0.68775059]
Disposable Gloves,Budget Pharma Solutions,380,3,3,388.23,3,[0.50742225 0.61297765]
Disposable Gloves,Budget Pharma Solutions,380,3,3,372.72,3,[0.59553006 0.61845176]
Bandages,Clinic Basics,100,3,1,103.84,1,[0.7351061  0.81335059]
Disposable Gloves,MediCare Direct,450,5,2,458.2,2,[0.70723162 0.83828235]
N95 Masks,Everyday Medical Gear,480,3,3,496.09,3,[0.46727439 0.57490941]
N95 Masks,Safety First Supply,600,5,2,629.12,3,[0.5279972  0.72795765]
IV Drips,Standard IV Solutions,250,3,4,243.92,3,[0.60768413 0.66391059]
Forceps,Precision Instruments Co.,850,5,3,842.94,3,[0.61211745 0.65249176]
IV Drips,Standard IV Solutions,250,3,4,254.39,4,[0.57567333 0.61021529]
Forceps,Precision Instruments Co.,850,5,3,840.55,3,[0.46471055 0.65333529]
Forceps,General Surgical Tools,780,4,2,817.76,1,[0.47946766 0.66137882]
Syringes,Apex Medical Supplies,700,4,2,709.9,2,[0.49416397 0.64944706]
N95 Masks,Everyday Medical Gear,480,3,3,476.6,3,[0.4009381  0.58178824]
IV Drips,Standard IV Solutions,250,3,4,259.08,5,[0.40949787 0.55856   ]
N95 Masks,Everyday Medical Gear,480,3,3,491.79,2,[0.55437314 0.62642706]
Bandages,Essential Medicals,120,4,2,118.98,1,[0.80536815 0.90800706]
Syringes,Pristine Healthcare,780,5,3,787.83,2,[0.56864339 0.72194235]
Syringes,Discount Med,650,3,4,675.03,4,[0.38709409 0.46175412]
N95 Masks,Everyday Medical Gear,480,3,3,493.28,3,[0.53013058 0.57590118]
IV Drips,Rapid Infusions,280,4,2,279.98,1,[0.67771168 0.85118353]
Forceps,Precision Instruments Co.,850,5,3,884.61,2,[0.51739893 0.68778471]
IV Drips,Rapid Infusions,280,4,2,291.5,3,[0.62693287 0.74711765]
Syringes,Discount Med,650,3,4,622.36,4,[0.29006779 0.48034353]
Bandages,Global Health Solutions,150,5,3,145.09,3,[0.7845383  0.89879176]
Disposable Gloves,QuickSupply Medical,400,4,1,400.19,1,[0.6904732  0.80875647]
IV Drips,LifeSaver Pharmaceuticals,300,5,3,311.15,3,[0.77295011 0.84018235]
IV Drips,LifeSaver Pharmaceuticals,300,5,3,298.99,3,[0.67180773 0.84447412]
Disposable Gloves,QuickSupply Medical,400,4,1,408.43,1,[0.75239695 0.80584824]
Forceps,General Surgical Tools,780,4,2,769.11,1,[0.65639096 0.67854941]
N95 Masks,Safety First Supply,600,5,2,600.59,3,[0.70978525 0.73802706]
Syringes,Pristine Healthcare,780,5,3,798.16,2,[0.58870956 0.71829647]
IV Drips,Standard IV Solutions,250,3,4,251.12,4,[0.49599165 0.61136941]
N95 Masks,Everyday Medical Gear,480,3,3,483.28,2,[0.61845664 0.62943059]
Forceps,Basic Clinic Disposables,700,3,4,717.03,4,[0.27521119 0.44693059]
Bandages,Clinic Basics,100,3,1,103.17,1,[0.73673373 0.81358706]
Forceps,Basic Clinic Disposables,700,3,4,690.3,4,[0.31604308 0.45636471]
N95 Masks,ProGuard PPE,550,4,1,530.29,2,[0.55741828 0.71283882]
Forceps,General Surgical Tools,780,4,2,796.69,2,[0.53549295 0.61881529]
Disposable Gloves,Budget Pharma Solutions,380,3,3,366.51,3,[0.54402376 0.62064353]
Forceps,Basic Clinic Disposables,700,3,4,722.17,3,[0.41019557 0.49511647]
N95 Masks,Everyday Medical Gear,480,3,3,464.85,3,[0.45038024 0.58593529]
Disposable Gloves,QuickSupply Medical,400,4,1,384.36,2,[0.61898633 0.76434353]
Bandages,Global Health Solutions,150,5,3,156.32,2,[0.86066836 0.94482824]
Forceps,Basic Clinic Disposables,700,3,4,713.26,4,[0.29348797 0.44826118]
Forceps,Basic Clinic Disposables,700,3,4,713.54,4,[0.39515213 0.44816235]
Syringes,Discount Med,650,3,4,633.57,3,[0.4347229  0.52638706]
Bandages,Global Health Solutions,150,5,3,147.74,2,[0.76529902 0.94785647]
Syringes,Pristine Healthcare,780,5,3,752.58,3,[0.54908723 0.68438353]
Bandages,Clinic Basics,100,3,1,98.8,1,[0.79575947 0.81512941]
Syringes,Pristine Healthcare,780,5,3,812.24,3,[0.58605479 0.66332706]
Disposable Gloves,MediCare Direct,450,5,2,432.54,3,[0.68014558 0.79733882]
N95 Masks,Safety First Supply,600,5,2,612.22,2,[0.66467954 0.78392235]
N95 Masks,Safety First Supply,600,5,2,585.21,3,[0.74277142 0.74345529]
Bandages,Essential Medicals,120,4,2,125.05,1,[0.89361527 0.90586471]
Disposable Gloves,QuickSupply Medical,400,4,1,409.73,2,[0.62893192 0.75538941]
Forceps,Basic Clinic Disposables,700,3,4,694.1,4,[0.37177117 0.45502353]
Disposable Gloves,Budget Pharma Solutions,380,3,3,365.04,3,[0.52830496 0.62116235]
Bandages,Global Health Solutions,150,5,3,147.72,4,[0.75138586 0.84786353]
Syringes,Pristine Healthcare,780,5,3,744.49,3,[0.56458255 0.68723882]
Bandages,Clinic Basics,100,3,1,98.03,1,[0.74975423 0.81540118]
N95 Masks,ProGuard PPE,550,4,1,536.85,2,[0.54412345 0.71052353]
Disposable Gloves,MediCare Direct,450,5,2,436.53,1,[0.69627278 0.89593059]
IV Drips,Rapid Infusions,280,4,2,291.45,3,[0.69522458 0.74713529]
IV Drips,Rapid Infusions,280,4,2,268.33,2,[0.7302162  0.80529529]
Bandages,Global Health Solutions,150,5,3,149.96,2,[0.82976538 0.94707294]
Syringes,Pristine Healthcare,780,5,3,810.37,4,[0.54198572 0.61398706]
IV Drips,Standard IV Solutions,250,3,4,247.43,4,[0.49625418 0.61267176]
Disposable Gloves,Budget Pharma Solutions,380,3,3,368.26,2,[0.55545257 0.67002588]
N95 Masks,Safety First Supply,600,5,2,570.85,2,[0.77505862 0.79852353]
Bandages,Clinic Basics,100,3,1,99.08,1,[0.69994067 0.81503059]
Bandages,Clinic Basics,100,3,1,101.06,1,[0.70154565 0.81433176]
IV Drips,Standard IV Solutions,250,3,4,253.02,3,[0.51194172 0.66069882]
Forceps,Precision Instruments Co.,850,5,3,845.04,3,[0.55586418 0.65175059]
Syringes,Apex Medical Supplies,700,4,2,676.26,1,[0.63801125 0.71132   ]
N95 Masks,Everyday Medical Gear,480,3,3,486.2,2,[0.60450527 0.6284    ]
Forceps,Basic Clinic Disposables,700,3,4,700.72,5,[0.31955164 0.40268706]
Bandages,Clinic Basics,100,3,1,104.21,1,[0.66926635 0.81322   ]
Syringes,Discount Med,650,3,4,661.96,5,[0.30044235 0.41636706]
N95 Masks,Everyday Medical Gear,480,3,3,463.39,3,[0.57208202 0.58645059]
N95 Masks,Everyday Medical Gear,480,3,3,494.01,4,[0.47829728 0.52564353]
N95 Masks,Safety First Supply,600,5,2,615.21,2,[0.64972824 0.78286706]
Disposable Gloves,QuickSupply Medical,400,4,1,399.8,2,[0.61094363 0.75889412]
N95 Masks,Everyday Medical Gear,480,3,3,482.27,2,[0.5958507  0.62978706]
Disposable Gloves,MediCare Direct,450,5,2,457.62,2,[0.73881779 0.83848706]
IV Drips,Rapid Infusions,280,4,2,267.93,3,[0.60020838 0.75543647]
Forceps,Precision Instruments Co.,850,5,3,840.94,3,[0.63854714 0.65319765]
Bandages,Global Health Solutions,150,5,3,145.71,3,[0.77387796 0.89857294]
IV Drips,Standard IV Solutions,250,3,4,260.71,5,[0.43492288 0.55798471]
IV Drips,Standard IV Solutions,250,3,4,256.27,3,[0.65053926 0.65955176]
Syringes,Pristine Healthcare,780,5,3,749.88,4,[0.55756542 0.63533647]
Syringes,Pristine Healthcare,780,5,3,747.46,2,[0.62781101 0.73619059]
Disposable Gloves,QuickSupply Medical,400,4,1,410.06,1,[0.74197013 0.80527294]
Syringes,Apex Medical Supplies,700,4,2,729.2,1,[0.49399743 0.69263529]
Bandages,Global Health Solutions,150,5,3,148.45,3,[0.73198927 0.89760588]
Syringes,Apex Medical Supplies,700,4,2,665.44,1,[0.62833934 0.71513882]
Bandages,Clinic Basics,100,3,1,104.43,1,[0.70203748 0.81314235]
Syringes,Pristine Healthcare,780,5,3,784.23,2,[0.72134574 0.72321294]
Syringes,Apex Medical Supplies,700,4,2,732.09,3,[0.46482027 0.59161529]
Forceps,Basic Clinic Disposables,700,3,4,689.54,5,[0.38639293 0.40663294]
IV Drips,Rapid Infusions,280,4,2,268.48,1,[0.70151048 0.85524235]
Bandages,Global Health Solutions,150,5,3,152.31,4,[0.83815854 0.84624353]
Syringes,Pristine Healthcare,780,5,3,799.02,2,[0.6721915  0.71799294]
Syringes,Apex Medical Supplies,700,4,2,706.49,2,[0.55004582 0.65065059]
N95 Masks,Everyday Medical Gear,480,3,3,475.69,2,[0.59540335 0.63210941]
Bandages,Global Health Solutions,150,5,3,157.43,4,[0.83426443 0.84443647]
IV Drips,Rapid Infusions,280,4,2,272.67,3,[0.731628   0.75376353]
Bandages,Essential Medicals,120,4,2,114.55,3,[0.77774975 0.80957059]
N95 Masks,Everyday Medical Gear,480,3,3,503.42,3,[0.37794783 0.57232235]
Forceps,Basic Clinic Disposables,700,3,4,697.79,3,[0.3309095  0.50372118]
Bandages,Clinic Basics,100,3,1,104.51,2,[0.63913098 0.76311412]
Bandages,Global Health Solutions,150,5,3,148.77,4,[0.75365807 0.84749294]
Disposable Gloves,Budget Pharma Solutions,380,3,3,372.36,3,[0.57565209 0.61857882]
IV Drips,Standard IV Solutions,250,3,4,258.28,5,[0.55876797 0.55884235]
Forceps,Precision Instruments Co.,850,5,3,824.74,4,[0.59902422 0.60891529]
Syringes,Discount Med,650,3,4,641.84,4,[0.41122385 0.47346824]
N95 Masks,Everyday Medical Gear,480,3,3,498.11,3,[0.54757423 0.57419647]
N95 Masks,ProGuard PPE,550,4,1,531.29,1,[0.71322623 0.76248588]
Forceps,Basic Clinic Disposables,700,3,4,683.4,5,[0.21713631 0.4088    ]
N95 Masks,Safety First Supply,600,5,2,625.37,1,[0.76232108 0.82928118]
Disposable Gloves,QuickSupply Medical,400,4,1,391.86,1,[0.62596274 0.81169647]
IV Drips,Rapid Infusions,280,4,2,280.89,2,[0.62015965 0.80086235]
N95 Masks,ProGuard PPE,550,4,1,543.8,2,[0.62430891 0.70807059]
N95 Masks,Everyday Medical Gear,480,3,3,470.18,3,[0.41071086 0.58405412]
Syringes,Pristine Healthcare,780,5,3,808.61,2,[0.69815579 0.71460824]
Syringes,Discount Med,650,3,4,666.37,5,[0.39889551 0.41481059]
Disposable Gloves,QuickSupply Medical,400,4,1,405.78,1,[0.77074384 0.80678353]
Syringes,Discount Med,650,3,4,633.97,4,[0.45710025 0.47624588]
Forceps,Basic Clinic Disposables,700,3,4,731.3,3,[0.38423765 0.49189412]
Forceps,Precision Instruments Co.,850,5,3,835.42,4,[0.4982424  0.60514588]
IV Drips,Standard IV Solutions,250,3,4,240.19,4,[0.53916661 0.61522706]
Syringes,Pristine Healthcare,780,5,3,763.89,3,[0.57264854 0.68039176]
N95 Masks,Safety First Supply,600,5,2,619.79,2,[0.76667626 0.78125059]
Syringes,Discount Med,650,3,4,617.73,5,[0.35125033 0.43197765]
Syringes,Discount Med,650,3,4,622.15,5,[0.34128141 0.43041765]
Disposable Gloves,Budget Pharma Solutions,380,3,3,371.69,4,[0.5378559  0.56881529]
Disposable Gloves,QuickSupply Medical,400,4,1,402.44,1,[0.75693525 0.80796235]
N95 Masks,ProGuard PPE,550,4,1,560.85,1,[0.55299107 0.75205294]
Forceps,General Surgical Tools,780,4,2,781.04,1,[0.64651448 0.67433882]
N95 Masks,ProGuard PPE,550,4,1,533.02,1,[0.7038639  0.76187529]
Bandages,Clinic Basics,100,3,1,100.33,1,[0.71098643 0.81458941]
N95 Masks,Safety First Supply,600,5,2,589.78,3,[0.73894418 0.74184235]
Bandages,Clinic Basics,100,3,1,104.29,2,[0.73056592 0.76319176]
Disposable Gloves,QuickSupply Medical,400,4,1,381.66,2,[0.68569848 0.76529647]
N95 Masks,ProGuard PPE,550,4,1,525.7,1,[0.70619722 0.76445882]
Forceps,Basic Clinic Disposables,700,3,4,694.94,4,[0.30219502 0.45472706]
N95 Masks,Everyday Medical Gear,480,3,3,501.75,3,[0.41484231 0.57291176]
N95 Masks,ProGuard PPE,550,4,1,562.59,1,[0.58693234 0.75143882]
Bandages,Essential Medicals,120,4,2,114.69,2,[0.80702592 0.85952118]
Disposable Gloves,Budget Pharma Solutions,380,3,3,365.4,3,[0.5520439  0.62103529]
Syringes,Apex Medical Supplies,700,4,2,722.47,3,[0.4725222  0.59501059]
Syringes,Apex Medical Supplies,700,4,2,707.18,1,[0.55157755 0.70040706]
Syringes,Pristine Healthcare,780,5,3,753.07,3,[0.63094649 0.68421059]
Syringes,Pristine Healthcare,780,5,3,765.93,2,[0.66559302 0.72967176]
Syringes,Apex Medical Supplies,700,4,2,674.52,3,[0.58360951 0.61193412]
IV Drips,LifeSaver Pharmaceuticals,300,5,3,289.19,3,[0.77063662 0.84793294]
N95 Masks,Safety First Supply,600,5,2,611.26,1,[0.77142287 0.83426118]
N95 Masks,ProGuard PPE,550,4,1,539.88,1,[0.68709798 0.75945412]
Syringes,Discount Med,650,3,4,658.42,4,[0.37361165 0.46761647]
IV Drips,LifeSaver Pharmaceuticals,300,5,3,304.62,2,[0.86646956 0.89248706]
Disposable Gloves,Budget Pharma Solutions,380,3,3,368.72,4,[0.37331558 0.56986353]
Bandages,Clinic Basics,100,3,1,97.75,2,[0.72107092 0.7655    ]
Disposable Gloves,QuickSupply Medical,400,4,1,413.38,2,[0.5883414  0.75410118]
N95 Masks,Safety First Supply,600,5,2,623.01,3,[0.54953249 0.73011412]
IV Drips,Standard IV Solutions,250,3,4,241.97,4,[0.55803127 0.61459882]
N95 Masks,ProGuard PPE,550,4,1,553.21,1,[0.59776177 0.75474941]
IV Drips,Rapid Infusions,280,4,2,290.28,2,[0.68275227 0.79754824]
N95 Masks,Everyday Medical Gear,480,3,3,501.57,2,[0.60842914 0.62297529]
Bandages,Clinic Basics,100,3,1,96.49,2,[0.6093298  0.76594471]
Syringes,Apex Medical Supplies,700,4,2,701.54,3,[0.48258505 0.60239765]
Disposable Gloves,MediCare Direct,450,5,2,434.69,2,[0.67708068 0.84658   ]
Disposable Gloves,QuickSupply Medical,400,4,1,409.46,1,[0.61786916 0.80548471]
N95 Masks,Safety First Supply,600,5,2,611.16,3,[0.61106782 0.73429647]
Syringes,Apex Medical Supplies,700,4,2,729.15,3,[0.40751213 0.59265294]
Bandages,Global Health Solutions,150,5,3,149.87,2,[0.86984172 0.94710471]
N95 Masks,Everyday Medical Gear,480,3,3,484.82,3,[0.43842254 0.57888706]
Syringes,Discount Med,650,3,4,623.79,3,[0.48595572 0.52983882]
Syringes,Pristine Healthcare,780,5,3,759.73,3,[0.55878081 0.68186   ]
N95 Masks,Everyday Medical Gear,480,3,3,499.84,2,[0.43876793 0.62358588]
Forceps,Basic Clinic Disposables,700,3,4,702.65,4,[0.36979293 0.45200588]
Forceps,Precision Instruments Co.,850,5,3,844.71,3,[0.55775629 0.65186706]
Bandages,Clinic Basics,100,3,1,98.17,1,[0.73862822 0.81535176]
Bandages,Essential Medicals,120,4,2,118.73,1,[0.84882268 0.90809529]
N95 Masks,Everyday Medical Gear,480,3,3,475.46,2,[0.52560451 0.63219059]
IV Drips,LifeSaver Pharmaceuticals,300,5,3,297.45,3,[0.79343402 0.84501765]
Bandages,Global Health Solutions,150,5,3,156.72,3,[0.76582471 0.89468706]
Bandages,Clinic Basics,100,3,1,99.01,1,[0.79561725 0.81505529]
Bandages,Global Health Solutions,150,5,3,151.49,3,[0.78117714 0.89653294]
N95 Masks,Everyday Medical Gear,480,3,3,503.89,4,[0.4077121  0.52215647]
Forceps,Basic Clinic Disposables,700,3,4,668.09,5,[0.31915698 0.41420353]
Disposable Gloves,Budget Pharma Solutions,380,3,3,386.02,4,[0.51359477 0.56375765]
IV Drips,Standard IV Solutions,250,3,4,259.09,4,[0.50445836 0.60855647]
Disposable Gloves,QuickSupply Medical,400,4,1,382.91,1,[0.77004862 0.81485529]
Syringes,Discount Med,650,3,4,656.69,3,[0.489      0.51822706]
Bandages,Clinic Basics,100,3,1,97.48,1,[0.64478541 0.81559529]
Forceps,Basic Clinic Disposables,700,3,4,672.39,5,[0.36250571 0.41268588]
Syringes,Discount Med,650,3,4,637.33,5,[0.35063148 0.42506   ]
IV Drips,LifeSaver Pharmaceuticals,300,5,3,306.72,3,[0.84008375 0.84174588]
N95 Masks,Everyday Medical Gear,480,3,3,480.77,3,[0.51415144 0.58031647]
IV Drips,LifeSaver Pharmaceuticals,300,5,3,309.0,3,[0.79198667 0.84094118]
IV Drips,Standard IV Solutions,250,3,4,250.26,4,[0.53943773 0.61167294]
Forceps,General Surgical Tools,780,4,2,749.51,2,[0.50972459 0.63546706]
Disposable Gloves,QuickSupply Medical,400,4,1,391.29,1,[0.72420649 0.81189765]
Bandages,Essential Medicals,120,4,2,116.21,1,[0.80987248 0.90898471]
Disposable Gloves,QuickSupply Medical,400,4,1,410.95,1,[0.71697078 0.80495882]
Syringes,Apex Medical Supplies,700,4,2,733.32,2,[0.44721902 0.64118118]
Bandages,Global Health Solutions,150,5,3,155.37,3,[0.76809677 0.89516353]
Bandages,Essential Medicals,120,4,2,119.38,2,[0.77105239 0.85786588]
Forceps,General Surgical Tools,780,4,2,810.99,2,[0.53310389 0.61376824]
Disposable Gloves,Budget Pharma Solutions,380,3,3,392.84,3,[0.45077304 0.61135059]
Forceps,General Surgical Tools,780,4,2,798.5,3,[0.451435   0.56817647]
N95 Masks,ProGuard PPE,550,4,1,564.78,1,[0.58206013 0.75066588]
N95 Masks,ProGuard PPE,550,4,1,542.78,1,[0.62347808 0.75843059]
Disposable Gloves,Budget Pharma Solutions,380,3,3,373.17,2,[0.6110006  0.66829294]
Disposable Gloves,Budget Pharma Solutions,380,3,3,397.33,2,[0.49839197 0.65976588]
N95 Masks,Safety First Supply,600,5,2,590.67,3,[0.61612196 0.74152824]
Forceps,General Surgical Tools,780,4,2,817.11,2,[0.53332412 0.61160824]
N95 Masks,Everyday Medical Gear,480,3,3,462.26,3,[0.52787073 0.58684941]
Forceps,General Surgical Tools,780,4,2,765.98,2,[0.48227169 0.62965412]
Forceps,Basic Clinic Disposables,700,3,4,705.14,4,[0.34092871 0.45112706]
IV Drips,Rapid Infusions,280,4,2,270.18,2,[0.71442159 0.80464235]
Disposable Gloves,QuickSupply Medical,400,4,1,411.9,2,[0.6417088  0.75462353]
Syringes,Discount Med,650,3,4,676.39,3,[0.4786613  0.51127412]
IV Drips,LifeSaver Pharmaceuticals,300,5,3,313.85,2,[0.87008757 0.88922941]
Disposable Gloves,Budget Pharma Solutions,380,3,3,370.08,4,[0.47295454 0.56938353]
Disposable Gloves,MediCare Direct,450,5,2,448.02,2,[0.64510844 0.84187529]
IV Drips,Standard IV Solutions,250,3,4,239.63,4,[0.51814269 0.61542471]
Forceps,Basic Clinic Disposables,700,3,4,672.82,4,[0.42314931 0.46253412]
Syringes,Pristine Healthcare,780,5,3,753.23,3,[0.60065991 0.68415412]
Forceps,General Surgical Tools,780,4,2,797.4,2,[0.52285075 0.61856471]
IV Drips,Rapid Infusions,280,4,2,279.01,2,[0.70587955 0.80152588]
Syringes,Pristine Healthcare,780,5,3,754.33,3,[0.66680429 0.68376588]
N95 Masks,ProGuard PPE,550,4,1,528.98,2,[0.58657326 0.71330118]
Disposable Gloves,QuickSupply Medical,400,4,1,384.6,2,[0.73504396 0.76425882]
Bandages,Essential Medicals,120,4,2,122.98,3,[0.64095821 0.80659529]
IV Drips,Standard IV Solutions,250,3,4,238.21,4,[0.59019783 0.61592588]
Bandages,Essential Medicals,120,4,2,117.05,3,[0.77225428 0.80868824]
Forceps,Precision Instruments Co.,850,5,3,848.48,4,[0.58662121 0.60053647]
Disposable Gloves,MediCare Direct,450,5,2,470.55,3,[0.69537106 0.78392353]
IV Drips,Rapid Infusions,280,4,2,271.05,2,[0.60594836 0.80433529]
N95 Masks,Safety First Supply,600,5,2,612.54,2,[0.72753072 0.78380941]
N95 Masks,Safety First Supply,600,5,2,582.63,3,[0.67501548 0.74436588]
Bandages,Essential Medicals,120,4,2,122.27,2,[0.67071686 0.85684588]
IV Drips,LifeSaver Pharmaceuticals,300,5,3,303.78,3,[0.82291842 0.84278353]
Bandages,Global Health Solutions,150,5,3,151.54,4,[0.65809294 0.84651529]
Forceps,General Surgical Tools,780,4,2,818.95,2,[0.58157476 0.61095882]
Syringes,Discount Med,650,3,4,635.56,4,[0.34181146 0.47568471]
N95 Masks,Everyday Medical Gear,480,3,3,494.32,2,[0.60458329 0.62553412]
Syringes,Discount Med,650,3,4,619.05,5,[0.35506478 0.43151176]
Disposable Gloves,QuickSupply Medical,400,4,1,392.5,1,[0.71946759 0.81147059]
IV Drips,Rapid Infusions,280,4,2,289.91,1,[0.71259657 0.84767882]
N95 Masks,ProGuard PPE,550,4,1,545.46,1,[0.5772128  0.75748471]
IV Drips,Rapid Infusions,280,4,2,283.49,1,[0.76140352 0.84994471]
Bandages,Global Health Solutions,150,5,3,145.25,2,[0.76019279 0.94873529]
N95 Masks,Everyday Medical Gear,480,3,3,466.7,2,[0.62368883 0.63528235]
Syringes,Apex Medical Supplies,700,4,2,723.22,3,[0.42944782 0.59474588]
Syringes,Discount Med,650,3,4,660.6,5,[0.3107313  0.41684706]
Bandages,Clinic Basics,100,3,1,97.37,1,[0.6382194  0.81563412]
IV Drips,Standard IV Solutions,250,3,4,259.94,4,[0.42016826 0.60825647]
Bandages,Clinic Basics,100,3,1,103.42,1,[0.77079162 0.81349882]
N95 Masks,Safety First Supply,600,5,2,595.61,2,[0.68542448 0.78978471]
Bandages,Clinic Basics,100,3,1,104.94,2,[0.74911341 0.76296235]
Syringes,Apex Medical Supplies,700,4,2,690.4,3,[0.53394057 0.60632941]
Disposable Gloves,QuickSupply Medical,400,4,1,411.88,2,[0.69944643 0.75463059]
Bandages,Clinic Basics,100,3,1,103.09,2,[0.68121124 0.76361529]
N95 Masks,Everyday Medical Gear,480,3,3,482.64,4,[0.47511368 0.52965647]
Bandages,Clinic Basics,100,3,1,103.25,2,[0.61977416 0.76355882]
IV Drips,Rapid Infusions,280,4,2,276.61,2,[0.73624548 0.80237294]
Bandages,Global Health Solutions,150,5,3,148.72,4,[0.83284728 0.84751059]
Forceps,General Surgical Tools,780,4,2,806.03,2,[0.44132033 0.61551882]
N95 Masks,Safety First Supply,600,5,2,615.12,2,[0.75636664 0.78289882]
Disposable Gloves,MediCare Direct,450,5,2,471.14,1,[0.78546454 0.88371529]
N95 Masks,ProGuard PPE,550,4,1,571.11,1,[0.57257463 0.74843176]
N95 Masks,Everyday Medical Gear,480,3,3,490.49,3,[0.40690456 0.57688588]
N95 Masks,ProGuard PPE,550,4,1,539.18,1,[0.73817423 0.75970118]
Syringes,Pristine Healthcare,780,5,3,794.1,2,[0.70281275 0.71972941]
Bandages,Clinic Basics,100,3,1,101.4,1,[0.70443182 0.81421176]
N95 Masks,Safety First Supply,600,5,2,587.64,2,[0.73814228 0.79259765]
Disposable Gloves,MediCare Direct,450,5,2,438.23,1,[0.82840467 0.89533059]
Syringes,Pristine Healthcare,780,5,3,747.53,4,[0.58923035 0.63616588]
Bandages,Global Health Solutions,150,5,3,151.79,3,[0.81019039 0.89642706]
Syringes,Apex Medical Supplies,700,4,2,727.01,3,[0.47893272 0.59340824]
Bandages,Global Health Solutions,150,5,3,156.97,3,[0.86453918 0.89459882]
Syringes,Discount Med,650,3,4,630.28,4,[0.31139971 0.47754824]
Bandages,Essential Medicals,120,4,2,123.83,2,[0.8067553  0.85629529]
IV Drips,LifeSaver Pharmaceuticals,300,5,3,309.03,2,[0.84906023 0.89093059]
N95 Masks,Safety First Supply,600,5,2,584.1,1,[0.82685073 0.84384706]
Forceps,Precision Instruments Co.,850,5,3,831.08,3,[0.53627054 0.65667765]
Syringes,Apex Medical Supplies,700,4,2,693.93,2,[0.60670034 0.65508353]
IV Drips,Standard IV Solutions,250,3,4,243.39,4,[0.61112327 0.61409765]
IV Drips,Standard IV Solutions,250,3,4,239.87,4,[0.44883233 0.61534   ]
IV Drips,Standard IV Solutions,250,3,4,252.6,5,[0.470053   0.56084706]
N95 Masks,Everyday Medical Gear,480,3,3,499.07,4,[0.5226417  0.52385765]
Bandages,Global Health Solutions,150,5,3,146.36,3,[0.81361351 0.89834353]
Syringes,Pristine Healthcare,780,5,3,771.96,4,[0.47727681 0.62754353]
Bandages,Essential Medicals,120,4,2,125.7,2,[0.75807705 0.85563529]
Forceps,General Surgical Tools,780,4,2,812.37,2,[0.54422301 0.61328118]
Forceps,General Surgical Tools,780,4,2,759.05,3,[0.39041675 0.5821    ]
IV Drips,LifeSaver Pharmaceuticals,300,5,3,291.71,3,[0.8373293  0.84704353]
Syringes,Apex Medical Supplies,700,4,2,690.44,2,[0.50410817 0.65631529]
Syringes,Pristine Healthcare,780,5,3,798.22,4,[0.57569514 0.61827529]
Forceps,General Surgical Tools,780,4,2,756.07,1,[0.49229112 0.68315176]
Forceps,General Surgical Tools,780,4,2,801.67,1,[0.59130216 0.66705765]
Bandages,Essential Medicals,120,4,2,125.97,2,[0.67417711 0.85554   ]
N95 Masks,Safety First Supply,600,5,2,588.26,3,[0.55166011 0.74237882]
Disposable Gloves,MediCare Direct,450,5,2,440.74,1,[0.81425916 0.89444471]
IV Drips,Standard IV Solutions,250,3,4,248.17,5,[0.51801525 0.56241059]
Forceps,Precision Instruments Co.,850,5,3,826.39,3,[0.52126149 0.65833294]
Bandages,Global Health Solutions,150,5,3,148.88,2,[0.91364577 0.94745412]
Forceps,Precision Instruments Co.,850,5,3,810.36,2,[0.60699366 0.71399059]
N95 Masks,ProGuard PPE,550,4,1,527.18,1,[0.7577841  0.76393647]
Syringes,Apex Medical Supplies,700,4,2,732.59,2,[0.63554878 0.64143882]
IV Drips,Standard IV Solutions,250,3,4,239.95,3,[0.55762213 0.66531176]
N95 Masks,Safety First Supply,600,5,2,598.34,2,[0.59599215 0.78882118]
Disposable Gloves,Budget Pharma Solutions,380,3,3,364.48,2,[0.62873987 0.67136   ]
Disposable Gloves,Budget Pharma Solutions,380,3,3,391.98,2,[0.51324424 0.66165412]
IV Drips,Rapid Infusions,280,4,2,293.52,2,[0.64700854 0.79640471]
IV Drips,LifeSaver Pharmaceuticals,300,5,3,307.97,4,[0.6948058  0.79130471]
N95 Masks,Safety First Supply,600,5,2,608.01,2,[0.76418557 0.78540824]
N95 Masks,Everyday Medical Gear,480,3,3,492.56,3,[0.38881462 0.57615529]
N95 Masks,Everyday Medical Gear,480,3,3,481.41,2,[0.48718973 0.63009059]
N95 Masks,Everyday Medical Gear,480,3,3,490.77,4,[0.43096073 0.52678706]
Bandages,Essential Medicals,120,4,2,118.14,2,[0.81393056 0.85830353]
IV Drips,LifeSaver Pharmaceuticals,300,5,3,311.53,3,[0.72920486 0.84004824]
N95 Masks,Safety First Supply,600,5,2,607.57,2,[0.65157374 0.78556353]
Disposable Gloves,Budget Pharma Solutions,380,3,3,362.73,3,[0.43280759 0.62197765]
Bandages,Global Health Solutions,150,5,3,149.84,3,[0.79133426 0.89711529]
Forceps,General Surgical Tools,780,4,2,803.02,2,[0.42306678 0.61658118]
IV Drips,LifeSaver Pharmaceuticals,300,5,3,300.17,2,[0.77995898 0.89405765]
Bandages,Clinic Basics,100,3,1,101.37,2,[0.67038493 0.76422235]
Bandages,Essential Medicals,120,4,2,117.78,2,[0.81489281 0.85843059]
Disposable Gloves,QuickSupply Medical,400,4,1,399.95,1,[0.69173975 0.80884118]
IV Drips,Standard IV Solutions,250,3,4,244.15,5,[0.41798459 0.56382941]
Syringes,Discount Med,650,3,4,619.97,4,[0.40024238 0.48118706]
Disposable Gloves,Budget Pharma Solutions,380,3,3,398.61,3,[0.52623892 0.60931412]
Disposable Gloves,MediCare Direct,450,5,2,453.74,1,[0.76768962 0.88985647]
N95 Masks,Safety First Supply,600,5,2,607.24,2,[0.71954815 0.78568   ]
Syringes,Apex Medical Supplies,700,4,2,681.98,2,[0.54057652 0.65930118]
Bandages,Clinic Basics,100,3,1,99.28,2,[0.68272167 0.76496   ]
N95 Masks,Safety First Supply,600,5,2,628.02,3,[0.56852384 0.72834588]
Syringes,Discount Med,650,3,4,679.64,4,[0.38566796 0.46012706]
Disposable Gloves,QuickSupply Medical,400,4,1,415.45,1,[0.78968307 0.80337059]
Forceps,General Surgical Tools,780,4,2,799.77,1,[0.60008196 0.66772824]
Disposable Gloves,QuickSupply Medical,400,4,1,388.07,1,[0.67492924 0.81303412]
Bandages,Clinic Basics,100,3,1,97.02,1,[0.69655841 0.81575765]
IV Drips,Rapid Infusions,280,4,2,280.4,1,[0.84450908 0.85103529]
N95 Masks,ProGuard PPE,550,4,1,527.66,1,[0.57339423 0.76376706]
Forceps,Precision Instruments Co.,850,5,3,824.65,3,[0.50875781 0.65894706]
N95 Masks,ProGuard PPE,550,4,1,544.95,1,[0.63902513 0.75766471]
N95 Masks,ProGuard PPE,550,4,1,530.63,1,[0.58619547 0.76271882]
N95 Masks,Safety First Supply,600,5,2,576.88,3,[0.74500859 0.74639529]
Forceps,Basic Clinic Disposables,700,3,4,695.78,3,[0.46442995 0.50443059]
Bandages,Global Health Solutions,150,5,3,146.78,2,[0.84109258 0.94819529]
IV Drips,LifeSaver Pharmaceuticals,300,5,3,296.25,2,[0.69714153 0.89544118]
N95 Masks,ProGuard PPE,550,4,1,533.92,2,[0.65240185 0.71155765]
Forceps,Basic Clinic Disposables,700,3,4,715.05,3,[0.31097188 0.49762941]
Syringes,Discount Med,650,3,4,659.98,4,[0.28883626 0.46706588]
Forceps,Precision Instruments Co.,850,5,3,826.96,4,[0.59642866 0.60813176]
Syringes,Pristine Healthcare,780,5,3,796.18,4,[0.47623186 0.61899529]
Forceps,Basic Clinic Disposables,700,3,4,708.78,3,[0.38428277 0.49984235]
N95 Masks,Everyday Medical Gear,480,3,3,480.29,2,[0.61318591 0.63048588]
Syringes,Apex Medical Supplies,700,4,2,710.81,2,[0.53190075 0.64912588]
Syringes,Apex Medical Supplies,700,4,2,676.36,2,[0.55907814 0.66128471]
Forceps,General Surgical Tools,780,4,2,795.26,2,[0.44580651 0.61932   ]
N95 Masks,Safety First Supply,600,5,2,614.35,1,[0.63912121 0.83317059]
Forceps,General Surgical Tools,780,4,2,794.86,3,[0.4848549  0.56946118]
Bandages,Global Health Solutions,150,5,3,150.12,2,[0.8356706  0.94701647]
Syringes,Apex Medical Supplies,700,4,2,689.45,3,[0.4902288  0.60666471]
Forceps,Precision Instruments Co.,850,5,3,838.97,2,[0.61696937 0.70389294]
Forceps,Basic Clinic Disposables,700,3,4,717.55,3,[0.35910443 0.49674706]
Bandages,Global Health Solutions,150,5,3,143.57,2,[0.75582406 0.94932824]
N95 Masks,Safety First Supply,600,5,2,591.95,2,[0.67220066 0.79107647]
N95 Masks,ProGuard PPE,550,4,1,531.11,1,[0.66765522 0.76254941]
IV Drips,LifeSaver Pharmaceuticals,300,5,3,313.92,2,[0.84654332 0.88920471]
Syringes,Apex Medical Supplies,700,4,2,728.9,1,[0.49850199 0.69274118]
Bandages,Essential Medicals,120,4,2,125.04,2,[0.67674665 0.85586824]
N95 Masks,Everyday Medical Gear,480,3,3,495.95,3,[0.50028167 0.57495882]
Disposable Gloves,Budget Pharma Solutions,380,3,3,396.46,3,[0.41037517 0.61007294]
Syringes,Apex Medical Supplies,700,4,2,706.95,2,[0.64852524 0.65048824]
Bandages,Global Health Solutions,150,5,3,145.13,4,[0.81799569 0.84877765]
N95 Masks,Safety First Supply,600,5,2,581.16,2,[0.78890965 0.79488471]
Bandages,Global Health Solutions,150,5,3,157.14,3,[0.79314799 0.89453882]
Bandages,Clinic Basics,100,3,1,100.11,1,[0.67682491 0.81466706]
Forceps,General Surgical Tools,780,4,2,743.12,1,[0.66349972 0.68772235]
N95 Masks,Safety First Supply,600,5,2,607.47,3,[0.54753062 0.73559882]
N95 Masks,ProGuard PPE,550,4,1,563.26,1,[0.72210556 0.75120235]
Bandages,Clinic Basics,100,3,1,97.71,1,[0.71943794 0.81551412]
Forceps,Basic Clinic Disposables,700,3,4,720.39,4,[0.34818301 0.44574471]
IV Drips,LifeSaver Pharmaceuticals,300,5,3,295.57,4,[0.70409996 0.79568118]
IV Drips,Rapid Infusions,280,4,2,279.54,3,[0.69939358 0.75133882]
Syringes,Apex Medical Supplies,700,4,2,719.56,2,[0.47915909 0.64603765]
Forceps,Precision Instruments Co.,850,5,3,866.15,2,[0.62098317 0.6943    ]
Disposable Gloves,QuickSupply Medical,400,4,1,397.66,1,[0.72959204 0.80964941]
Syringes,Discount Med,650,3,4,629.77,4,[0.2828749  0.47772824]
N95 Masks,Safety First Supply,600,5,2,627.39,2,[0.75030108 0.77856824]
Forceps,General Surgical Tools,780,4,2,753.47,2,[0.54733492 0.63406941]
Forceps,General Surgical Tools,780,4,2,817.77,2,[0.4456162  0.61137529]
Disposable Gloves,QuickSupply Medical,400,4,1,412.79,2,[0.56962321 0.75430941]
N95 Masks,Everyday Medical Gear,480,3,3,492.41,3,[0.5322667  0.57620824]
N95 Masks,Safety First Supply,600,5,2,614.36,2,[0.69844498 0.78316706]
Disposable Gloves,MediCare Direct,450,5,2,438.49,2,[0.81531041 0.84523882]
Syringes,Discount Med,650,3,4,681.81,4,[0.29305027 0.45936118]
IV Drips,LifeSaver Pharmaceuticals,300,5,3,298.03,4,[0.61055897 0.79481294]
N95 Masks,Everyday Medical Gear,480,3,3,480.75,2,[0.56167097 0.63032353]
Syringes,Apex Medical Supplies,700,4,2,729.51,1,[0.67419769 0.69252588]
Bandages,Global Health Solutions,150,5,3,142.81,3,[0.82006934 0.89959647]
Disposable Gloves,QuickSupply Medical,400,4,1,389.03,1,[0.73992477 0.81269529]
Bandages,Clinic Basics,100,3,1,101.35,1,[0.72726631 0.81422941]
IV Drips,Standard IV Solutions,250,3,4,244.79,4,[0.48602341 0.61360353]
N95 Masks,ProGuard PPE,550,4,1,560.77,1,[0.55918043 0.75208118]
Disposable Gloves,Budget Pharma Solutions,380,3,3,379.01,4,[0.40089753 0.56623176]
Syringes,Apex Medical Supplies,700,4,2,687.76,1,[0.68103298 0.70726118]
Syringes,Apex Medical Supplies,700,4,2,682.15,1,[0.66784195 0.70924118]
Bandages,Essential Medicals,120,4,2,123.89,3,[0.77944413 0.80627412]
Forceps,Precision Instruments Co.,850,5,3,827.05,3,[0.54178615 0.6581    ]
Disposable Gloves,QuickSupply Medical,400,4,1,395.49,1,[0.77988118 0.81041529]
N95 Masks,Safety First Supply,600,5,2,614.39,3,[0.64491619 0.73315647]
Bandages,Global Health Solutions,150,5,3,149.07,4,[0.76978013 0.84738706]
Bandages,Global Health Solutions,150,5,3,152.37,4,[0.72508487 0.84622235]
Disposable Gloves,MediCare Direct,450,5,2,450.62,1,[0.77663131 0.89095765]
Disposable Gloves,Budget Pharma Solutions,380,3,3,393.62,3,[0.59440586 0.61107529]
Bandages,Essential Medicals,120,4,2,122.83,1,[0.82702587 0.90664824]
Disposable Gloves,Budget Pharma Solutions,380,3,3,373.18,3,[0.43847778 0.61828941]
Disposable Gloves,QuickSupply Medical,400,4,1,411.32,2,[0.74250684 0.75482824]
N95 Masks,Safety First Supply,600,5,2,580.43,2,[0.72949429 0.79514235]
Bandages,Clinic Basics,100,3,1,98.63,1,[0.62303833 0.81518941]
Syringes,Discount Med,650,3,4,669.8,5,[0.35514604 0.4136    ]
IV Drips,Standard IV Solutions,250,3,4,239.77,4,[0.49437543 0.61537529]
Syringes,Discount Med,650,3,4,635.23,5,[0.29657793 0.42580118]
Forceps,Precision Instruments Co.,850,5,3,877.16,4,[0.57193245 0.59041412]
Syringes,Apex Medical Supplies,700,4,2,689.77,1,[0.62167717 0.70655176]
Syringes,Discount Med,650,3,4,632.02,4,[0.36307243 0.47693412]
IV Drips,LifeSaver Pharmaceuticals,300,5,3,303.71,3,[0.70869322 0.84280824]
Forceps,Precision Instruments Co.,850,5,3,821.98,2,[0.67784103 0.70988941]
N95 Masks,Everyday Medical Gear,480,3,3,466.8,3,[0.55228446 0.58524706]
IV Drips,LifeSaver Pharmaceuticals,300,5,3,305.22,3,[0.65187496 0.84227529]
N95 Masks,ProGuard PPE,550,4,1,566.45,1,[0.5933969  0.75007647]
N95 Masks,Safety First Supply,600,5,2,596.24,2,[0.69703283 0.78956235]
Bandages,Clinic Basics,100,3,1,96.34,1,[0.6863773  0.81599765]
Syringes,Pristine Healthcare,780,5,3,818.66,4,[0.53069489 0.61106118]
IV Drips,LifeSaver Pharmaceuticals,300,5,3,308.03,3,[0.83367655 0.84128353]
Disposable Gloves,MediCare Direct,450,5,2,466.58,2,[0.66488121 0.83532471]
IV Drips,Rapid Infusions,280,4,2,288.18,2,[0.61787378 0.79828941]
Forceps,Precision Instruments Co.,850,5,3,821.77,4,[0.53792192 0.60996353]
Syringes,Pristine Healthcare,780,5,3,792.64,2,[0.65601487 0.72024471]
Disposable Gloves,MediCare Direct,450,5,2,435.89,3,[0.63685332 0.79615647]
IV Drips,LifeSaver Pharmaceuticals,300,5,3,285.79,4,[0.73239354 0.79913294]
IV Drips,Rapid Infusions,280,4,2,281.57,2,[0.71868086 0.80062235]
Bandages,Global Health Solutions,150,5,3,147.7,3,[0.8041848  0.89787059]
IV Drips,LifeSaver Pharmaceuticals,300,5,3,285.1,3,[0.66304335 0.84937647]
Disposable Gloves,Budget Pharma Solutions,380,3,3,379.91,2,[0.61679831 0.66591412]
Syringes,Discount Med,650,3,4,639.38,5,[0.28747853 0.42433647]
